;5361_C;560_LJ;567_LJ;854_LJ;1169_LJ;1400_LJ;2478_LJ;2807_LJ
0;-4.172410229818827;-7.592105427349969;-7.634467404805548;-6.81654932845965;-6.647111336941704;-6.5210976865039525;-1.5756077271353397;-2.3943240963035746
1;-3.5139989780517387;-3.627341251242282;-3.6036253418823367;-4.414583608288393;-4.795147697933701;-5.375638436018393;6.421937662120303;-3.1754099961380966
2;-1.6957225390952697;-5.69464961936879;-5.389705948168173;-6.1957443177277955;-6.545190601689828;-9.552092968668275;0.5836782098530954;-0.3842194010477001
3;-2.41886352908007;-1.6791792054366788;-1.3472604398563897;-3.3245726558671302;-4.210143965585573;-1.5360246405075324;-1.1659737589245034;-1.1590871751832494
4;-9.490534101734022;-7.818325852114548;-7.568523894409268;-7.629035764644657;-6.705873126134639;-8.594150657709372;1.819856008537344;4.440397896823244
5;-2.3927280751736135;-5.99469024606721;-5.6204347544048465;-6.990536991528735;-6.707230674183911;-7.938582952800157;1.8910279587109515;38.18640817332386
6;-1.8288697938393232;-3.9728765272528546;-3.3225289144860084;-7.3386130636328755;-7.830238214197569;-9.387859338154863;15.699629148674722;0.4432009145132476
7;0.1461576290659968;-3.0086134900973915;-2.6980627635344554;-4.4963077822625825;-4.719164373242436;-8.656431362918056;-1.2965336916517811;-0.7857272204552215
8;0.18001844374517084;-4.129417067194382;-4.010819617099538;-5.642561376870448;-5.306154446613255;-8.828327813951365;-0.7069947274921534;-0.7850268449117277
9;-0.6122509159526761;-2.109488680110381;-1.9146406978318329;-2.2963390400430943;-1.5952903802145897;-6.337831697752089;-0.7799452658346253;-0.8802815375351731
10;0.10238528319908527;-1.6280749903584852;-1.5514713303909855;-2.648042489510833;-3.2919655708581947;2.4109865268606376;-1.9243670235107488;-1.1390047589176067
11;0.2211629915377024;-5.612487227308419;-5.5439483326493;-5.078273340821374;-4.3898707311455984;-6.872865856712572;-0.2060371163614843;-0.1723800344495698
12;-0.39418600140440463;-2.5317973654943486;-1.7563577406070308;-3.2164651207355934;-4.24924009659859;-6.460049044550433;-0.8547762446520233;-0.8658896691244374
13;1.35152403643898;24.508320309910374;-2.27546210803596;129.88776221535184;20.963742875289547;9.33957796920398;0.1520041444642466;27.18685309822073
14;0.10576081987865472;-1.5869441665235715;-1.5413410767264306;-1.8327495789096;-1.7467883521197731;-4.133741945357087;-2.1820992015391623;-1.7738609448974167
15;0.7291078077792262;-4.762855576891735;-4.060078401587931;-4.591263159886681;1.9698051705279904;28.51156656226193;129.89315629028317;5.868423279795742
16;-0.7825275409123047;-3.395093149589647;-3.2223158664896165;-4.380248926421055;-4.243745323606423;1.7598999623252047;-0.8084560306696941;-1.5803333696421569
17;-1.7913637371178976;-2.6792734473323563;-2.390504710068793;-3.9975992146352817;-3.777828475715367;2.4712536342723896;-1.3546156803230975;-0.7920037142020472
18;-2.4808964757310887;-3.4524761990531228;-3.134485043212502;-4.680340525647289;-4.757680207851437;-3.8219224255815614;-0.5962126805735358;-1.8045593347006712
19;1.3118904344965143;-4.76260323570321;-4.8343232953752375;-3.8266725515050135;-3.7355825992441694;-3.726830167245192;-3.3332712882729187;-5.049396865147026
20;0.12267311075843006;-15.162180101915464;-14.444505136275039;-15.689829667112686;-17.81174141841064;-4.584784291241169;-16.32499116984165;8.741165779265598
21;-5.306032689988278;-1.585123487377617;-1.9964944817041577;3.0570791714583203;-0.01942710153167848;-3.043341253223826;8.589689155836176;-3.0457284288504187
22;-5.5193457936869414;-7.941242803320705;-8.083958246743917;-8.774620414418232;-10.754139121534493;0.6574305302282281;-8.326992813987975;7.1133865006699954
23;-5.226054145673903;-9.235285612995822;-9.120974939597632;-10.698745735572226;-6.121752550609638;-13.119164738899146;-13.018431493257893;-7.755622228564483
24;-3.5250716196737795;-4.494174098457753;-4.288194348138326;-5.612895773556226;-6.2312826699327815;55.14791816925314;-5.588707912710548;-6.0687137091100976
25;-1.87210217679124;-12.581242037719667;-12.834291076752722;-10.408184970829078;-10.448019125113435;12.776837382752225;-3.504529270470575;3.3846228587694593
26;-2.430652788522735;-5.289345515163895;-5.432494556773587;-4.844353940494458;-4.992163457927433;-6.660130426413656;-2.7250481172572023;-3.734761730781513
27;0.4514179910522767;-12.108584216591382;-13.623692948608998;1.6458364696142422;9.346733259775986;-8.617256841498362;-7.6216502653342415;-9.72955755700178
28;-1.2787097942190455;-1.5365342705115788;-0.7543606912917978;-1.680855414389402;-1.5598685306478195;-4.941999213223603;-1.3404005279556506;-1.7119939754345204
29;-0.6833767386936155;-3.953571054727509;-3.9064886345144814;-3.9552530435741633;-4.358224123743165;-4.80827699351371;-3.971066818241823;-3.837152892226983
30;-0.6310162514781199;-0.6572108027341985;-0.2701963054245851;-2.75662069749501;-3.4729575771550567;-3.715157535320043;-1.696827752315799;-1.9885136407818715
31;-0.8482620672587771;-8.080136887991534;-7.667374061598923;-7.531231367727075;-7.040183493851818;-5.287410226927562;38.95566701489968;-0.8728155371580755
32;-1.3662729926736366;-9.381591017094607;-8.798097264748305;-5.304836643763289;-2.7971081008439755;-7.268701134553969;-3.096680576942653;-2.206867730758096
33;-1.6785163095236302;-4.9732708600271245;-4.550634920493045;-6.6818827096619415;-6.487523459731822;-7.218546355527973;11.258776617160336;0.8854797317506664
34;-2.2180167844193104;-8.619524203170183;-8.846735031825505;-5.130912920508054;-3.7227782354440704;-8.351391633287742;-4.30652317009553;-3.3652577190075235
35;-0.7865797478994216;0.6626342509426042;1.0850077482152327;-2.8145339553360995;-3.1930881554425588;-1.7490957275487466;-0.934283753791216;-1.1063505683466686
36;-3.486103805188015;-7.670211786960947;-7.6810988501573565;-2.6230276013144715;-6.446297614491559;6.1489624445007935;-0.7006456023708935;-0.7830501306928588
37;-2.2437290237502925;-5.801032771029298;-5.207994688870606;-7.7263587349615905;-7.21507577195842;-5.090334177682312;31.06762443398657;1.5816425363920843
38;-1.7840856846008089;-5.36106344832175;-6.111307803072307;-4.909339220198979;-4.871827998876972;-7.572779201618543;5.408319600614789;-2.3566136537725746
39;-1.6634507419405913;-2.8246494589690982;1.7379987688066965;35.770139973510844;38.73805864331028;40.329760859863846;-4.913154266932844;-5.541370356295087
40;-3.026102885559717;-1.4877984561539161;-1.3733301421049084;-1.3717079682816162;-1.2977680726871792;-3.402564219083527;-1.987662304170011;-1.1842977053289694
41;-2.171252353588116;-0.7742369460082149;-0.27728430244824825;-1.5579099214368015;-1.5294610481822308;-4.477968958219817;-2.408358630573411;-2.448191420883265
42;-4.261506431318629;-1.5361808241857131;-1.381620207276768;-2.092412088247165;-2.0352277117085373;-7.684202771620456;-1.1312919631017977;0.9566942712478936
43;-5.591988201587962;-2.9684149359235685;-2.8943070780294167;-2.9109306696141783;-2.8082030745659523;77.5392697049362;-2.4087671787575244;18.60094713278706
44;-0.8573738841497043;-1.586482506094059;-1.5720537734947726;-2.563400042116992;-3.5047646528401586;-7.056593688149425;29.32427612828485;-0.9932146606669818
45;-0.9658348961141612;-3.3542737281691246;-3.020781071001197;-4.4956079000542895;-4.9932911387147945;-7.290661539659939;-0.6396676771087206;-0.6241607349473998
46;-1.7100734203706929;0.02780265744150576;0.248018511589191;-1.277567980985483;-1.8006158601357165;-6.333401108218566;-0.2629462882325588;0.3596350655810369
47;-1.2611223810862555;-2.357946427376228;-2.1599973250704343;-3.5233135290832087;-3.460908238495709;-8.282207569297787;-0.8349261654998438;0.1345829062275818
48;-5.203673391411572;-1.332004135089322;-1.121556347139181;-1.8062400420677227;-1.6314532490695155;-6.8829099442722415;-2.032481708974038;-1.3748743059028246
